Idusuario,Deslogin,Dessenha,Dtcadastro
13,Issac,123OliveirA123,2019-03-20 15:52:17
12,jose,12345,2019-03-14 08:33:31
27,LuizMarcello,@123RolandiA@,2019-03-22 22:22:13
28,LuizMarcellooo,--@123RolandiA@,2019-03-22 22:32:02
14,nome,senha,2019-03-20 15:52:17
15,nome,senha,2019-03-20 15:52:17
16,nome,senha,2019-03-20 15:53:27
18,nome,senha,2019-03-20 15:57:55
21,peter,@123dificil@,2019-03-20 16:02:48
22,peter,@123dificil@,2019-03-20 16:03:43
23,peter,@123dificil@,2019-03-20 16:17:13
24,peter,@123dificil@,2019-03-20 16:20:54
25,peter,@123dificil@,2019-03-22 09:33:26
26,peter,@123dificil@,2019-03-22 09:34:04
20,professor,123dificil123,2019-03-20 16:02:18
3,root,deoliveira,2019-03-06 09:32:45
1,user,12345,2019-03-06 09:26:45
6,user,12345,2019-03-06 19:54:53
